id,level,think_acc,nothink_acc,premium
3196,4,1.0,0.25,0.75
3904,5,0.625,0.0,0.625
3549,5,1.0,0.5,0.5
2110,3,1.0,0.5,0.5
3836,5,0.625,0.125,0.5
4499,5,1.0,0.5,0.5
4586,5,0.875,0.375,0.5
4580,5,1.0,0.625,0.375
2808,4,0.875,0.5,0.375
2578,4,1.0,0.625,0.375
2690,4,0.75,0.375,0.375
4475,5,1.0,0.625,0.375
4338,5,1.0,0.625,0.375
3499,5,1.0,0.625,0.375
1837,3,1.0,0.625,0.375
4681,5,0.875,0.5,0.375
1926,3,0.875,0.625,0.25
3792,5,0.875,0.625,0.25
4297,5,0.875,0.625,0.25
2702,4,1.0,0.75,0.25
2506,4,1.0,0.75,0.25
1846,3,0.875,0.625,0.25
4405,5,1.0,0.75,0.25
2501,4,1.0,0.75,0.25
855,2,1.0,0.75,0.25
3993,5,0.875,0.625,0.25
4140,5,1.0,0.75,0.25
4178,5,1.0,0.75,0.25
3531,5,1.0,0.875,0.125
3422,5,1.0,0.875,0.125
2627,4,1.0,0.875,0.125
2084,3,1.0,0.875,0.125
2960,4,1.0,0.875,0.125
777,2,0.875,0.75,0.125
2105,3,1.0,0.875,0.125
4206,5,1.0,0.875,0.125
1940,3,1.0,0.875,0.125
2498,4,1.0,0.875,0.125
3317,5,1.0,0.875,0.125
3746,5,1.0,0.875,0.125
3610,5,1.0,0.875,0.125
3973,5,0.25,0.125,0.125
3544,5,1.0,0.875,0.125
4093,5,1.0,0.875,0.125
1409,3,1.0,0.875,0.125
2324,3,1.0,0.875,0.125
4082,5,1.0,0.875,0.125
3322,5,1.0,0.875,0.125
3607,5,1.0,0.875,0.125
3992,5,1.0,0.875,0.125
4709,5,1.0,0.875,0.125
4038,5,1.0,0.875,0.125
2926,4,1.0,0.875,0.125
2664,4,1.0,0.875,0.125
4345,5,1.0,0.875,0.125
28,1,1.0,0.875,0.125
1991,3,1.0,0.875,0.125
2629,4,1.0,0.875,0.125
4482,5,1.0,0.875,0.125
2312,3,1.0,0.875,0.125
3804,5,1.0,0.875,0.125
4479,5,0.625,0.5,0.125
3495,5,1.0,1.0,0.0
1723,3,1.0,1.0,0.0
2149,3,1.0,1.0,0.0
281,1,1.0,1.0,0.0
4373,5,1.0,1.0,0.0
2582,4,1.0,1.0,0.0
3466,5,1.0,1.0,0.0
200,1,1.0,1.0,0.0
523,2,1.0,1.0,0.0
713,2,1.0,1.0,0.0
1394,3,1.0,1.0,0.0
702,2,1.0,1.0,0.0
2726,4,1.0,1.0,0.0
2012,3,1.0,1.0,0.0
3719,5,1.0,1.0,0.0
1469,3,1.0,1.0,0.0
1435,3,1.0,1.0,0.0
2930,4,1.0,1.0,0.0
4602,5,1.0,1.0,0.0
1062,2,1.0,1.0,0.0
2350,4,1.0,1.0,0.0
3481,5,1.0,1.0,0.0
1611,3,1.0,1.0,0.0
153,1,1.0,1.0,0.0
1446,3,1.0,1.0,0.0
2388,4,1.0,1.0,0.0
2310,3,0.0,0.0,0.0
4261,5,0.875,0.875,0.0
396,1,1.0,1.0,0.0
573,2,1.0,1.0,0.0
2990,4,1.0,1.0,0.0
1261,2,1.0,1.0,0.0
2184,3,1.0,1.0,0.0
843,2,1.0,1.0,0.0
2178,3,1.0,1.0,0.0
2277,3,1.0,1.0,0.0
3446,5,1.0,1.0,0.0
1233,2,1.0,1.0,0.0
286,1,1.0,1.0,0.0
1322,2,1.0,1.0,0.0
4491,5,1.0,1.0,0.0
4581,5,1.0,1.0,0.0
2824,4,1.0,1.0,0.0
2631,4,1.0,1.0,0.0
1257,2,1.0,1.0,0.0
2463,4,1.0,1.0,0.0
1150,2,1.0,1.0,0.0
873,2,1.0,1.0,0.0
274,1,1.0,1.0,0.0
1519,3,1.0,1.0,0.0
646,2,1.0,1.0,0.0
2615,4,1.0,1.0,0.0
2915,4,1.0,1.0,0.0
839,2,1.0,1.0,0.0
87,1,1.0,1.0,0.0
4281,5,1.0,1.0,0.0
3061,4,1.0,1.0,0.0
1822,3,1.0,1.0,0.0
2026,3,1.0,1.0,0.0
2275,3,1.0,1.0,0.0
501,2,1.0,1.0,0.0
1968,3,1.0,1.0,0.0
3611,5,0.0,0.0,0.0
4445,5,0.625,0.625,0.0
2106,3,1.0,1.0,0.0
920,2,1.0,1.0,0.0
3131,4,1.0,1.0,0.0
1328,2,1.0,1.0,0.0
363,1,1.0,1.0,0.0
3246,4,1.0,1.0,0.0
4483,5,1.0,1.0,0.0
3219,4,1.0,1.0,0.0
3540,5,1.0,1.0,0.0
535,2,1.0,1.0,0.0
3819,5,1.0,1.0,0.0
2010,3,1.0,1.0,0.0
1162,2,1.0,1.0,0.0
927,2,1.0,1.0,0.0
1601,3,1.0,1.0,0.0
409,1,1.0,1.0,0.0
1174,2,1.0,1.0,0.0
1543,3,1.0,1.0,0.0
872,2,1.0,1.0,0.0
654,2,1.0,1.0,0.0
3217,4,1.0,1.0,0.0
1710,3,1.0,1.0,0.0
2353,4,1.0,1.0,0.0
875,2,1.0,1.0,0.0
909,2,1.0,1.0,0.0
2286,3,1.0,1.0,0.0
2970,4,1.0,1.0,0.0
3453,5,1.0,1.0,0.0
4333,5,1.0,1.0,0.0
899,2,1.0,1.0,0.0
379,1,1.0,1.0,0.0
1384,3,1.0,1.0,0.0
520,2,1.0,1.0,0.0
89,1,1.0,1.0,0.0
2065,3,1.0,1.0,0.0
112,1,1.0,1.0,0.0
1037,2,1.0,1.0,0.0
1278,2,1.0,1.0,0.0
1425,3,1.0,1.0,0.0
992,2,1.0,1.0,0.0
4666,5,1.0,1.0,0.0
1702,3,1.0,1.0,0.0
474,2,1.0,1.0,0.0
3527,5,1.0,1.0,0.0
331,1,1.0,1.0,0.0
103,1,1.0,1.0,0.0
2829,4,0.0,0.0,0.0
1034,2,1.0,1.0,0.0
210,1,1.0,1.0,0.0
1354,3,1.0,1.0,0.0
2320,3,1.0,1.0,0.0
3763,5,0.0,0.0,0.0
1029,2,1.0,1.0,0.0
2874,4,1.0,1.0,0.0
1412,3,1.0,1.0,0.0
4447,5,0.25,0.25,0.0
54,1,1.0,1.0,0.0
1529,3,1.0,1.0,0.0
671,2,1.0,1.0,0.0
3787,5,0.0,0.0,0.0
859,2,1.0,1.0,0.0
2526,4,1.0,1.0,0.0
2231,3,1.0,1.0,0.0
3068,4,1.0,1.0,0.0
707,2,1.0,1.0,0.0
138,1,1.0,1.0,0.0
3287,4,1.0,1.0,0.0
4417,5,1.0,1.0,0.0
1129,2,1.0,1.0,0.0
408,1,1.0,1.0,0.0
598,2,1.0,1.0,0.0
2641,4,1.0,1.0,0.0
2218,3,1.0,1.0,0.0
2372,4,1.0,1.0,0.0
1084,2,1.0,1.0,0.0
480,2,1.0,1.0,0.0
2965,4,1.0,1.0,0.0
3359,5,1.0,1.0,0.0
3410,5,1.0,1.0,0.0
582,2,1.0,1.0,0.0
3352,5,1.0,1.0,0.0
3955,5,1.0,1.0,0.0
1323,2,1.0,1.0,0.0
3245,4,1.0,1.0,0.0
2122,3,1.0,1.0,0.0
3019,4,1.0,1.0,0.0
4502,5,1.0,1.0,0.0
392,1,1.0,1.0,0.0
1599,3,1.0,1.0,0.0
3808,5,0.875,0.875,0.0
4308,5,1.0,1.0,0.0
2217,3,1.0,1.0,0.0
4100,5,1.0,1.0,0.0
2378,4,1.0,1.0,0.0
3199,4,1.0,1.0,0.0
186,1,1.0,1.0,0.0
664,2,1.0,1.0,0.0
352,1,1.0,1.0,0.0
764,2,1.0,1.0,0.0
2344,4,1.0,1.0,0.0
1373,3,1.0,1.0,0.0
3526,5,1.0,1.0,0.0
3203,4,1.0,1.0,0.0
4656,5,1.0,1.0,0.0
4649,5,1.0,1.0,0.0
1327,2,1.0,1.0,0.0
799,2,0.5,0.5,0.0
2947,4,1.0,1.0,0.0
2159,3,1.0,1.0,0.0
3361,5,1.0,1.0,0.0
2669,4,1.0,1.0,0.0
3981,5,0.0,0.0,0.0
3379,5,1.0,1.0,0.0
3933,5,0.375,0.375,0.0
3947,5,0.0,0.0,0.0
1986,3,1.0,1.0,0.0
1284,2,1.0,1.0,0.0
4670,5,1.0,1.0,0.0
2282,3,1.0,1.0,0.0
547,2,1.0,1.0,0.0
1891,3,1.0,1.0,0.0
3083,4,1.0,1.0,0.0
987,2,1.0,1.0,0.0
862,2,1.0,1.0,0.0
2772,4,1.0,1.0,0.0
2684,4,1.0,1.0,0.0
3578,5,1.0,1.0,0.0
3157,4,1.0,1.0,0.0
1686,3,1.0,1.0,0.0
1114,2,1.0,1.0,0.0
4634,5,1.0,1.0,0.0
502,2,1.0,1.0,0.0
1495,3,1.0,1.0,0.0
2932,4,1.0,1.0,0.0
1335,2,1.0,1.0,0.0
1153,2,1.0,1.0,0.0
2242,3,1.0,1.0,0.0
3444,5,1.0,1.0,0.0
2459,4,1.0,1.0,0.0
663,2,1.0,1.0,0.0
611,2,1.0,1.0,0.0
1785,3,1.0,1.0,0.0
2239,3,1.0,1.0,0.0
4125,5,1.0,1.0,0.0
1016,2,1.0,1.0,0.0
4561,5,1.0,1.0,0.0
4688,5,1.0,1.0,0.0
3932,5,0.0,0.0,0.0
4375,5,1.0,1.0,0.0
989,2,1.0,1.0,0.0
2822,4,1.0,1.0,0.0
973,2,1.0,1.0,0.0
1834,3,1.0,1.0,0.0
638,2,1.0,1.0,0.0
4606,5,1.0,1.0,0.0
3141,4,1.0,1.0,0.0
3470,5,1.0,1.0,0.0
3255,4,0.0,0.0,0.0
80,1,1.0,1.0,0.0
3583,5,1.0,1.0,0.0
3595,5,1.0,1.0,0.0
20,1,1.0,1.0,0.0
2397,4,1.0,1.0,0.0
2368,4,1.0,1.0,0.0
1306,2,1.0,1.0,0.0
519,2,1.0,1.0,0.0
4514,5,1.0,1.0,0.0
1436,3,1.0,1.0,0.0
2660,4,1.0,1.0,0.0
2063,3,1.0,1.0,0.0
1854,3,1.0,1.0,0.0
3983,5,1.0,1.0,0.0
3766,5,1.0,1.0,0.0
830,2,1.0,1.0,0.0
2811,4,1.0,1.0,0.0
342,1,1.0,1.0,0.0
1870,3,1.0,1.0,0.0
1236,2,1.0,1.0,0.0
3,1,1.0,1.0,0.0
699,2,1.0,1.0,0.0
3563,5,1.0,1.0,0.0
442,2,1.0,1.0,0.0
2469,4,1.0,1.0,0.0
2494,4,1.0,1.0,0.0
1463,3,1.0,1.0,0.0
4442,5,0.0,0.0,0.0
575,2,1.0,1.0,0.0
761,2,1.0,1.0,0.0
3155,4,1.0,1.0,0.0
954,2,1.0,1.0,0.0
1772,3,1.0,1.0,0.0
2714,4,1.0,1.0,0.0
2238,3,1.0,1.0,0.0
3314,5,1.0,1.0,0.0
1228,2,1.0,1.0,0.0
2950,4,1.0,1.0,0.0
2160,3,1.0,1.0,0.0
1922,3,1.0,1.0,0.0
4268,5,1.0,1.0,0.0
2119,3,1.0,1.0,0.0
1309,2,1.0,1.0,0.0
2313,3,1.0,1.0,0.0
1718,3,1.0,1.0,0.0
2671,4,1.0,1.0,0.0
4346,5,1.0,1.0,0.0
1217,2,1.0,1.0,0.0
2129,3,1.0,1.0,0.0
1032,2,1.0,1.0,0.0
2542,4,1.0,1.0,0.0
1661,3,1.0,1.0,0.0
808,2,1.0,1.0,0.0
271,1,1.0,1.0,0.0
96,1,1.0,1.0,0.0
63,1,1.0,1.0,0.0
4112,5,1.0,1.0,0.0
69,1,1.0,1.0,0.0
3188,4,1.0,1.0,0.0
2336,3,1.0,1.0,0.0
1699,3,1.0,1.0,0.0
448,2,1.0,1.0,0.0
227,1,1.0,1.0,0.0
1130,2,1.0,1.0,0.0
3533,5,1.0,1.0,0.0
4683,5,1.0,1.0,0.0
376,1,1.0,1.0,0.0
1538,3,1.0,1.0,0.0
2448,4,1.0,1.0,0.0
2737,4,1.0,1.0,0.0
2571,4,1.0,1.0,0.0
3326,5,1.0,1.0,0.0
1023,2,1.0,1.0,0.0
1159,2,1.0,1.0,0.0
1736,3,1.0,1.0,0.0
3137,4,1.0,1.0,0.0
641,2,1.0,1.0,0.0
1383,3,1.0,1.0,0.0
3874,5,0.0,0.0,0.0
2361,4,1.0,1.0,0.0
1127,2,1.0,1.0,0.0
2978,4,1.0,1.0,0.0
1893,3,1.0,1.0,0.0
894,2,1.0,1.0,0.0
1983,3,1.0,1.0,0.0
877,2,1.0,1.0,0.0
3420,5,1.0,1.0,0.0
1882,3,1.0,1.0,0.0
2713,4,1.0,1.0,0.0
1270,2,1.0,1.0,0.0
980,2,1.0,1.0,0.0
1741,3,1.0,1.0,0.0
3538,5,1.0,1.0,0.0
635,2,1.0,1.0,0.0
272,1,1.0,1.0,0.0
4008,5,0.0,0.0,0.0
1067,2,1.0,1.0,0.0
3351,5,1.0,1.0,0.0
2047,3,1.0,1.0,0.0
3443,5,1.0,1.0,0.0
2468,4,1.0,1.0,0.0
410,1,1.0,1.0,0.0
416,1,1.0,1.0,0.0
787,2,1.0,1.0,0.0
253,1,1.0,1.0,0.0
1102,2,1.0,1.0,0.0
2028,3,1.0,1.0,0.0
2533,4,1.0,1.0,0.0
2523,4,1.0,1.0,0.0
1748,3,1.0,1.0,0.0
3345,5,1.0,1.0,0.0
2281,3,1.0,1.0,0.0
1716,3,1.0,1.0,0.0
4330,5,1.0,1.0,0.0
3455,5,1.0,1.0,0.0
3064,4,1.0,1.0,0.0
4609,5,1.0,1.0,0.0
4259,5,1.0,1.0,0.0
2309,3,1.0,1.0,0.0
2742,4,1.0,1.0,0.0
4628,5,1.0,1.0,0.0
443,2,1.0,1.0,0.0
2457,4,1.0,1.0,0.0
2348,4,1.0,1.0,0.0
2438,4,1.0,1.0,0.0
1565,3,1.0,1.0,0.0
13,1,1.0,1.0,0.0
251,1,1.0,1.0,0.0
2560,4,1.0,1.0,0.0
1598,3,1.0,1.0,0.0
2212,3,1.0,1.0,0.0
1481,3,1.0,1.0,0.0
1795,3,0.875,0.875,0.0
685,2,1.0,1.0,0.0
3418,5,1.0,1.0,0.0
234,1,1.0,1.0,0.0
2039,3,1.0,1.0,0.0
3591,5,1.0,1.0,0.0
3483,5,1.0,1.0,0.0
348,1,1.0,1.0,0.0
4304,5,1.0,1.0,0.0
608,2,1.0,1.0,0.0
1052,2,1.0,1.0,0.0
1181,2,1.0,1.0,0.0
2450,4,1.0,1.0,0.0
441,2,1.0,1.0,0.0
2426,4,1.0,1.0,0.0
3498,5,1.0,1.0,0.0
3148,4,1.0,1.0,0.0
2711,4,1.0,1.0,0.0
2879,4,0.875,0.875,0.0
647,2,1.0,1.0,0.0
3401,5,1.0,1.0,0.0
213,1,1.0,1.0,0.0
2314,3,1.0,1.0,0.0
3162,4,1.0,1.0,0.0
4539,5,0.875,0.875,0.0
259,1,1.0,1.0,0.0
405,1,1.0,1.0,0.0
3815,5,1.0,1.0,0.0
1266,2,1.0,1.0,0.0
3697,5,1.0,1.0,0.0
4289,5,1.0,1.0,0.0
22,1,1.0,1.0,0.0
3296,4,1.0,1.0,0.0
919,2,1.0,1.0,0.0
3331,5,1.0,1.0,0.0
2953,4,1.0,1.0,0.0
3889,5,1.0,1.0,0.0
3472,5,1.0,1.0,0.0
4571,5,1.0,1.0,0.0
3176,4,1.0,1.0,0.0
1744,3,1.0,1.0,0.0
1219,2,1.0,1.0,0.0
1946,3,1.0,1.0,0.0
83,1,1.0,1.0,0.0
4180,5,1.0,1.0,0.0
1894,3,1.0,1.0,0.0
1131,2,1.0,1.0,0.0
277,1,1.0,1.0,0.0
510,2,1.0,1.0,0.0
1326,2,1.0,1.0,0.0
2937,4,1.0,1.0,0.0
1337,2,1.0,1.0,0.0
4222,5,1.0,1.0,0.0
2697,4,1.0,1.0,0.0
1238,2,1.0,1.0,0.0
988,2,1.0,1.0,0.0
1520,3,1.0,1.0,0.0
3074,4,1.0,1.0,0.0
893,2,1.0,1.0,0.0
1424,3,1.0,1.0,0.0
4349,5,1.0,1.0,0.0
3108,4,1.0,1.0,0.0
1315,2,1.0,1.0,0.0
1028,2,1.0,1.0,0.0
2404,4,1.0,1.0,0.0
984,2,1.0,1.0,0.0
3786,5,1.0,1.0,0.0
90,1,1.0,1.0,0.0
3164,4,1.0,1.0,0.0
3142,4,1.0,1.0,0.0
986,2,1.0,1.0,0.0
3042,4,1.0,1.0,0.0
1969,3,1.0,1.0,0.0
451,2,1.0,1.0,0.0
2437,4,1.0,1.0,0.0
1472,3,1.0,1.0,0.0
74,1,1.0,1.0,0.0
494,2,1.0,1.0,0.0
2563,4,1.0,1.0,0.0
1250,2,1.0,1.0,0.0
3657,5,0.625,0.625,0.0
389,1,1.0,1.0,0.0
1892,3,1.0,1.0,0.0
2144,3,1.0,1.0,0.0
3160,4,0.875,0.875,0.0
2539,4,1.0,1.0,0.0
910,2,1.0,1.0,0.0
3398,5,1.0,1.0,0.0
2048,3,1.0,1.0,0.0
1479,3,1.0,1.0,0.0
747,2,0.0,0.0,0.0
3117,4,1.0,1.0,0.0
2410,4,1.0,1.0,0.0
2040,3,1.0,1.0,0.0
2080,3,1.0,1.0,0.0
3339,5,1.0,1.0,0.0
3089,4,0.75,0.875,-0.125
4458,5,0.625,0.75,-0.125
4071,5,0.0,0.125,-0.125
3465,5,0.875,1.0,-0.125
4090,5,0.875,1.0,-0.125
3729,5,0.625,0.75,-0.125
4492,5,0.25,0.375,-0.125
3522,5,0.875,1.0,-0.125
215,1,0.375,0.5,-0.125
2211,3,0.875,1.0,-0.125
3942,5,0.0,0.125,-0.125
3490,5,0.875,1.0,-0.125
4256,5,0.875,1.0,-0.125
3949,5,0.875,1.0,-0.125
3713,5,0.875,1.0,-0.125
4550,5,0.0,0.125,-0.125
1350,3,0.875,1.0,-0.125
3701,5,0.625,0.75,-0.125
2716,4,0.75,0.875,-0.125
770,2,0.875,1.0,-0.125
4205,5,0.875,1.0,-0.125
4640,5,0.75,0.875,-0.125
1791,3,0.875,1.0,-0.125
3978,5,0.875,1.0,-0.125
4726,5,0.0,0.125,-0.125
3606,5,0.0,0.125,-0.125
3665,5,0.0,0.125,-0.125
4739,5,0.875,1.0,-0.125
2909,4,0.875,1.0,-0.125
4212,5,0.875,1.0,-0.125
4110,5,0.875,1.0,-0.125
4002,5,0.0,0.25,-0.25
3325,5,0.75,1.0,-0.25
2220,3,0.25,0.5,-0.25
4314,5,0.375,0.625,-0.25
3274,4,0.0,0.25,-0.25
3970,5,0.625,0.875,-0.25
4019,5,0.5,0.75,-0.25
4036,5,0.0,0.25,-0.25
3784,5,0.5,0.75,-0.25
3720,5,0.0,0.25,-0.25
3230,4,0.75,1.0,-0.25
4262,5,0.625,1.0,-0.375
3991,5,0.125,0.5,-0.375
3690,5,0.625,1.0,-0.375
3802,5,0.0,0.375,-0.375
3463,5,0.25,0.625,-0.375
794,2,0.125,0.5,-0.375
4109,5,0.0,0.375,-0.375
4706,5,0.0,0.375,-0.375
1140,2,0.0,0.375,-0.375
3903,5,0.25,0.625,-0.375
3297,4,0.625,1.0,-0.375
4622,5,0.0,0.375,-0.375
3943,5,0.5,0.875,-0.375
3835,5,0.0,0.375,-0.375
2819,4,0.625,1.0,-0.375
4211,5,0.5,0.875,-0.375
3295,4,0.375,0.75,-0.375
1216,2,0.25,0.625,-0.375
4031,5,0.125,0.625,-0.5
1199,2,0.0,0.5,-0.5
617,2,0.0,0.5,-0.5
2851,4,0.25,0.75,-0.5
4752,5,0.25,0.75,-0.5
3854,5,0.25,0.75,-0.5
4446,5,0.25,0.75,-0.5
3898,5,0.125,0.625,-0.5
3984,5,0.25,0.75,-0.5
4353,5,0.375,0.875,-0.5
4143,5,0.5,1.0,-0.5
4263,5,0.125,0.625,-0.5
3748,5,0.25,0.75,-0.5
3844,5,0.5,1.0,-0.5
4496,5,0.375,0.875,-0.5
3599,5,0.125,0.625,-0.5
4522,5,0.25,0.75,-0.5
3272,4,0.125,0.625,-0.5
4016,5,0.125,0.75,-0.625
2848,4,0.375,1.0,-0.625
3831,5,0.125,0.875,-0.75
4156,5,0.0,0.75,-0.75
2821,4,0.25,1.0,-0.75
2732,4,0.25,1.0,-0.75
4717,5,0.25,1.0,-0.75
4141,5,0.0,0.875,-0.875
1920,3,0.0,0.875,-0.875
2846,4,0.0,0.875,-0.875
