target,condition,source,mode,compliance,accuracy,n
gpqa,baseline,-,uppercase_thinking,0.0,0.6382978723404256,47
gpqa,baseline,-,word_suppression,0.1568627450980392,0.7058823529411765,51
gpqa,baseline,-,lowercase_thinking,0.0,0.673469387755102,49
gpqa,baseline,-,alternating_case,0.0,0.574468085106383,47
gpqa,baseline,-,ignore_question,0.1702127659574468,0.5531914893617021,47
gpqa,baseline,-,meow_between_words,0.0,0.6470588235294118,51
gpqa,baseline,-,end_of_sentence,0.0,0.7659574468085106,47
gpqa,baseline,-,repeat_sentences,0.02127659574468085,0.7446808510638298,47
gpqa,baseline,-,multiple_word_suppression,0.05084745762711865,0.7627118644067796,59
hle,baseline,-,uppercase_thinking,0.0,0.2,50
hle,baseline,-,word_suppression,0.1111111111111111,0.07407407407407407,54
hle,baseline,-,lowercase_thinking,0.0,0.07407407407407407,54
hle,baseline,-,alternating_case,0.0,0.08333333333333333,48
hle,baseline,-,ignore_question,0.11764705882352941,0.09803921568627451,51
hle,baseline,-,meow_between_words,0.0,0.058823529411764705,51
hle,baseline,-,end_of_sentence,0.0,0.14583333333333334,48
hle,baseline,-,repeat_sentences,0.0,0.11764705882352941,51
hle,baseline,-,multiple_word_suppression,0.016129032258064516,0.0967741935483871,62
mmlu_pro,baseline,-,uppercase_thinking,0.0,0.7037037037037037,27
mmlu_pro,baseline,-,word_suppression,0.1388888888888889,0.75,36
mmlu_pro,baseline,-,lowercase_thinking,0.0,0.8378378378378378,37
mmlu_pro,baseline,-,alternating_case,0.0,0.7333333333333333,30
mmlu_pro,baseline,-,ignore_question,0.09375,0.84375,32
mmlu_pro,baseline,-,meow_between_words,0.0,0.7941176470588235,34
mmlu_pro,baseline,-,end_of_sentence,0.0,0.7741935483870968,31
mmlu_pro,baseline,-,repeat_sentences,0.030303030303030304,0.8181818181818182,33
mmlu_pro,baseline,-,multiple_word_suppression,0.05,0.85,40
hle,fewshot_system,gpqa,uppercase_thinking,0.06,0.06,50
hle,fewshot_system,gpqa,word_suppression,0.037037037037037035,0.07407407407407407,54
hle,fewshot_system,gpqa,lowercase_thinking,0.0,0.12962962962962962,54
hle,fewshot_system,gpqa,alternating_case,0.0,0.125,48
hle,fewshot_system,gpqa,ignore_question,0.6862745098039216,0.0784313725490196,51
hle,fewshot_system,gpqa,meow_between_words,0.0,0.058823529411764705,51
hle,fewshot_system,gpqa,end_of_sentence,0.0,0.08333333333333333,48
hle,fewshot_system,gpqa,repeat_sentences,0.5294117647058824,0.13725490196078433,51
hle,fewshot_system,gpqa,multiple_word_suppression,0.03225806451612903,0.14516129032258066,62
hle,fewshot_prefill,gpqa,uppercase_thinking,0.0,0.04,50
hle,fewshot_prefill,gpqa,word_suppression,0.14814814814814814,0.07407407407407407,54
hle,fewshot_prefill,gpqa,lowercase_thinking,0.07407407407407407,0.018518518518518517,54
hle,fewshot_prefill,gpqa,alternating_case,0.0,0.125,48
hle,fewshot_prefill,gpqa,ignore_question,0.8235294117647058,0.11764705882352941,51
hle,fewshot_prefill,gpqa,meow_between_words,0.0,0.13725490196078433,51
hle,fewshot_prefill,gpqa,end_of_sentence,0.0,0.125,48
hle,fewshot_prefill,gpqa,repeat_sentences,0.49019607843137253,0.17647058823529413,51
hle,fewshot_prefill,gpqa,multiple_word_suppression,0.04838709677419355,0.11290322580645161,62
mmlu_pro,fewshot_system,gpqa,uppercase_thinking,0.14814814814814814,0.8148148148148148,27
mmlu_pro,fewshot_system,gpqa,word_suppression,0.1111111111111111,0.7777777777777778,36
mmlu_pro,fewshot_system,gpqa,lowercase_thinking,0.0,0.8648648648648649,37
mmlu_pro,fewshot_system,gpqa,alternating_case,0.03333333333333333,0.7333333333333333,30
mmlu_pro,fewshot_system,gpqa,ignore_question,0.625,0.53125,32
mmlu_pro,fewshot_system,gpqa,meow_between_words,0.0,0.7058823529411765,34
mmlu_pro,fewshot_system,gpqa,end_of_sentence,0.03225806451612903,0.7419354838709677,31
mmlu_pro,fewshot_system,gpqa,repeat_sentences,0.5151515151515151,0.8181818181818182,33
mmlu_pro,fewshot_system,gpqa,multiple_word_suppression,0.025,0.825,40
mmlu_pro,fewshot_prefill,gpqa,uppercase_thinking,0.037037037037037035,0.6666666666666666,27
mmlu_pro,fewshot_prefill,gpqa,word_suppression,0.1111111111111111,0.6944444444444444,36
mmlu_pro,fewshot_prefill,gpqa,lowercase_thinking,0.02702702702702703,0.8108108108108109,37
mmlu_pro,fewshot_prefill,gpqa,alternating_case,0.0,0.7333333333333333,30
mmlu_pro,fewshot_prefill,gpqa,ignore_question,0.9375,0.40625,32
mmlu_pro,fewshot_prefill,gpqa,meow_between_words,0.0,0.8235294117647058,34
mmlu_pro,fewshot_prefill,gpqa,end_of_sentence,0.0,0.7419354838709677,31
mmlu_pro,fewshot_prefill,gpqa,repeat_sentences,0.7272727272727273,0.8484848484848485,33
mmlu_pro,fewshot_prefill,gpqa,multiple_word_suppression,0.05,0.825,40
gpqa,fewshot_system,hle,uppercase_thinking,0.02127659574468085,0.6170212765957447,47
gpqa,fewshot_system,hle,word_suppression,0.13725490196078433,0.6078431372549019,51
gpqa,fewshot_system,hle,lowercase_thinking,0.02040816326530612,0.6530612244897959,49
gpqa,fewshot_system,hle,alternating_case,0.0,0.5319148936170213,47
gpqa,fewshot_system,hle,ignore_question,0.9787234042553191,0.3829787234042553,47
gpqa,fewshot_system,hle,meow_between_words,0.0,0.6666666666666666,51
gpqa,fewshot_system,hle,end_of_sentence,0.0,0.6595744680851063,47
gpqa,fewshot_system,hle,repeat_sentences,0.7872340425531915,0.6170212765957447,47
gpqa,fewshot_system,hle,multiple_word_suppression,0.0847457627118644,0.7627118644067796,59
gpqa,fewshot_prefill,hle,uppercase_thinking,0.0,0.48936170212765956,47
gpqa,fewshot_prefill,hle,word_suppression,0.13725490196078433,0.5686274509803921,51
gpqa,fewshot_prefill,hle,lowercase_thinking,0.061224489795918366,0.6530612244897959,49
gpqa,fewshot_prefill,hle,alternating_case,0.0,0.5531914893617021,47
gpqa,fewshot_prefill,hle,ignore_question,1.0,0.40425531914893614,47
gpqa,fewshot_prefill,hle,meow_between_words,0.0,0.5686274509803921,51
gpqa,fewshot_prefill,hle,end_of_sentence,0.0,0.5957446808510638,47
gpqa,fewshot_prefill,hle,repeat_sentences,0.0425531914893617,0.6808510638297872,47
gpqa,fewshot_prefill,hle,multiple_word_suppression,0.05084745762711865,0.6610169491525424,59
mmlu_pro,fewshot_system,hle,uppercase_thinking,0.2222222222222222,0.7777777777777778,27
mmlu_pro,fewshot_system,hle,word_suppression,0.16666666666666666,0.75,36
mmlu_pro,fewshot_system,hle,lowercase_thinking,0.08108108108108109,0.8378378378378378,37
mmlu_pro,fewshot_system,hle,alternating_case,0.0,0.7666666666666667,30
mmlu_pro,fewshot_system,hle,ignore_question,1.0,0.375,32
mmlu_pro,fewshot_system,hle,meow_between_words,0.0,0.7647058823529411,34
mmlu_pro,fewshot_system,hle,end_of_sentence,0.03225806451612903,0.8064516129032258,31
mmlu_pro,fewshot_system,hle,repeat_sentences,0.9090909090909091,0.8787878787878788,33
mmlu_pro,fewshot_system,hle,multiple_word_suppression,0.05,0.8,40
mmlu_pro,fewshot_prefill,hle,uppercase_thinking,0.037037037037037035,0.7407407407407407,27
mmlu_pro,fewshot_prefill,hle,word_suppression,0.16666666666666666,0.75,36
mmlu_pro,fewshot_prefill,hle,lowercase_thinking,0.08108108108108109,0.8378378378378378,37
mmlu_pro,fewshot_prefill,hle,alternating_case,0.0,0.7,30
mmlu_pro,fewshot_prefill,hle,ignore_question,0.9375,0.40625,32
mmlu_pro,fewshot_prefill,hle,meow_between_words,0.0,0.7352941176470589,34
mmlu_pro,fewshot_prefill,hle,end_of_sentence,0.0,0.8387096774193549,31
mmlu_pro,fewshot_prefill,hle,repeat_sentences,0.06060606060606061,0.9393939393939394,33
mmlu_pro,fewshot_prefill,hle,multiple_word_suppression,0.075,0.8,40
gpqa,fewshot_system,mmlu_pro,uppercase_thinking,0.23404255319148937,0.5531914893617021,47
gpqa,fewshot_system,mmlu_pro,word_suppression,0.1568627450980392,0.5882352941176471,51
gpqa,fewshot_system,mmlu_pro,lowercase_thinking,0.10204081632653061,0.6938775510204082,49
gpqa,fewshot_system,mmlu_pro,alternating_case,0.0,0.46808510638297873,47
gpqa,fewshot_system,mmlu_pro,ignore_question,0.9787234042553191,0.425531914893617,47
gpqa,fewshot_system,mmlu_pro,meow_between_words,0.0,0.6274509803921569,51
gpqa,fewshot_system,mmlu_pro,end_of_sentence,0.02127659574468085,0.574468085106383,47
gpqa,fewshot_system,mmlu_pro,repeat_sentences,0.9361702127659575,0.6808510638297872,47
gpqa,fewshot_system,mmlu_pro,multiple_word_suppression,0.06779661016949153,0.6779661016949152,59
gpqa,fewshot_prefill,mmlu_pro,uppercase_thinking,0.3191489361702128,0.5106382978723404,47
gpqa,fewshot_prefill,mmlu_pro,word_suppression,0.27450980392156865,0.5882352941176471,51
gpqa,fewshot_prefill,mmlu_pro,lowercase_thinking,0.14285714285714285,0.6326530612244898,49
gpqa,fewshot_prefill,mmlu_pro,alternating_case,0.0,0.46808510638297873,47
gpqa,fewshot_prefill,mmlu_pro,ignore_question,0.9361702127659575,0.46808510638297873,47
gpqa,fewshot_prefill,mmlu_pro,meow_between_words,0.09803921568627451,0.5686274509803921,51
gpqa,fewshot_prefill,mmlu_pro,end_of_sentence,0.10638297872340426,0.6170212765957447,47
gpqa,fewshot_prefill,mmlu_pro,repeat_sentences,0.5957446808510638,0.6382978723404256,47
gpqa,fewshot_prefill,mmlu_pro,multiple_word_suppression,0.0847457627118644,0.7966101694915254,59
hle,fewshot_system,mmlu_pro,uppercase_thinking,0.46,0.06,50
hle,fewshot_system,mmlu_pro,word_suppression,0.1111111111111111,0.07407407407407407,54
hle,fewshot_system,mmlu_pro,lowercase_thinking,0.12962962962962962,0.07407407407407407,54
hle,fewshot_system,mmlu_pro,alternating_case,0.020833333333333332,0.125,48
hle,fewshot_system,mmlu_pro,ignore_question,0.9411764705882353,0.0784313725490196,51
hle,fewshot_system,mmlu_pro,meow_between_words,0.0,0.0392156862745098,51
hle,fewshot_system,mmlu_pro,end_of_sentence,0.020833333333333332,0.0625,48
hle,fewshot_system,mmlu_pro,repeat_sentences,0.8627450980392157,0.058823529411764705,51
hle,fewshot_system,mmlu_pro,multiple_word_suppression,0.03225806451612903,0.12903225806451613,62
hle,fewshot_prefill,mmlu_pro,uppercase_thinking,0.58,0.06,50
hle,fewshot_prefill,mmlu_pro,word_suppression,0.2777777777777778,0.1111111111111111,54
hle,fewshot_prefill,mmlu_pro,lowercase_thinking,0.25925925925925924,0.07407407407407407,54
hle,fewshot_prefill,mmlu_pro,alternating_case,0.0,0.0625,48
hle,fewshot_prefill,mmlu_pro,ignore_question,0.9215686274509803,0.1568627450980392,51
hle,fewshot_prefill,mmlu_pro,meow_between_words,0.0,0.0784313725490196,51
hle,fewshot_prefill,mmlu_pro,end_of_sentence,0.10416666666666667,0.10416666666666667,48
hle,fewshot_prefill,mmlu_pro,repeat_sentences,0.6862745098039216,0.19607843137254902,51
hle,fewshot_prefill,mmlu_pro,multiple_word_suppression,0.0967741935483871,0.0967741935483871,62
