target,condition,source,compliance,accuracy,n_rollouts,n_errors
gpqa,baseline,-,0.0449438202247191,0.6764044943820224,445,0
hle,baseline,-,0.02771855010660981,0.1044776119402985,469,0
mmlu_pro,baseline,-,0.03666666666666667,0.7933333333333333,300,0
hle,fewshot_system,gpqa,0.14712153518123666,0.10021321961620469,469,0
hle,fewshot_prefill,gpqa,0.17484008528784648,0.1023454157782516,469,0
mmlu_pro,fewshot_system,gpqa,0.16,0.76,300,0
mmlu_pro,fewshot_prefill,gpqa,0.20666666666666667,0.7333333333333333,300,0
gpqa,fewshot_system,hle,0.21797752808988763,0.6157303370786517,445,0
gpqa,fewshot_prefill,hle,0.1393258426966292,0.5775280898876405,445,0
mmlu_pro,fewshot_system,hle,0.26666666666666666,0.7533333333333333,300,0
mmlu_pro,fewshot_prefill,hle,0.15,0.7533333333333333,300,0
gpqa,fewshot_system,mmlu_pro,0.26741573033707866,0.5910112359550562,445,0
gpqa,fewshot_prefill,mmlu_pro,0.27640449438202247,0.5932584269662922,445,0
hle,fewshot_system,mmlu_pro,0.2814498933901919,0.07889125799573561,469,0
hle,fewshot_prefill,mmlu_pro,0.32196162046908317,0.1044776119402985,469,0
