id,dataset,n_options,think_acc,nothink_acc,premium
161,gpqa_w_keyword,4,1.0,0.125,0.875
278,mmlu_pro_mini_w_keyword,10,0.875,0.0,0.875
30,mmlu_pro_mini_w_keyword,10,0.875,0.125,0.75
422,gpqa_w_keyword,4,1.0,0.375,0.625
21,mmlu_pro_mini_w_keyword,10,0.5,0.0,0.5
294,gpqa_w_keyword,4,0.5,0.0,0.5
236,hle_w_keyword,5,1.0,0.5,0.5
345,gpqa_w_keyword,4,0.75,0.25,0.5
350,gpqa_w_keyword,4,0.5,0.0,0.5
348,gpqa_w_keyword,4,0.5,0.0,0.5
47,mmlu_pro_mini_w_keyword,10,1.0,0.5,0.5
189,mmlu_pro_mini_w_keyword,10,0.875,0.375,0.5
381,gpqa_w_keyword,4,0.875,0.5,0.375
105,gpqa_w_keyword,4,1.0,0.625,0.375
69,gpqa_w_keyword,4,1.0,0.625,0.375
88,gpqa_w_keyword,4,1.0,0.625,0.375
136,gpqa_w_keyword,4,1.0,0.625,0.375
371,gpqa_w_keyword,4,0.375,0.0,0.375
214,hle_w_keyword,9,0.375,0.0,0.375
219,mmlu_pro_mini_w_keyword,10,1.0,0.75,0.25
187,mmlu_pro_mini_w_keyword,10,0.875,0.625,0.25
186,hle_w_keyword,5,0.25,0.0,0.25
51,hle_w_keyword,7,0.875,0.625,0.25
395,gpqa_w_keyword,4,1.0,0.75,0.25
343,gpqa_w_keyword,4,1.0,0.75,0.25
231,gpqa_w_keyword,4,0.375,0.125,0.25
157,gpqa_w_keyword,4,0.75,0.5,0.25
197,gpqa_w_keyword,4,1.0,0.75,0.25
290,gpqa_w_keyword,4,1.0,0.75,0.25
257,gpqa_w_keyword,4,1.0,0.75,0.25
212,gpqa_w_keyword,4,1.0,0.75,0.25
32,gpqa_w_keyword,4,1.0,0.75,0.25
22,gpqa_w_keyword,4,1.0,0.75,0.25
138,hle_w_keyword,5,1.0,0.75,0.25
128,hle_w_keyword,9,1.0,0.75,0.25
281,gpqa_w_keyword,4,1.0,0.75,0.25
117,gpqa_w_keyword,4,1.0,0.875,0.125
226,gpqa_w_keyword,4,1.0,0.875,0.125
279,gpqa_w_keyword,4,1.0,0.875,0.125
261,gpqa_w_keyword,4,0.125,0.0,0.125
432,hle_w_keyword,5,0.25,0.125,0.125
283,gpqa_w_keyword,4,1.0,0.875,0.125
18,mmlu_pro_mini_w_keyword,10,1.0,0.875,0.125
255,gpqa_w_keyword,4,0.125,0.0,0.125
184,hle_w_keyword,9,1.0,0.875,0.125
96,hle_w_keyword,5,1.0,0.875,0.125
0,gpqa_w_keyword,4,1.0,0.875,0.125
435,hle_w_keyword,10,0.25,0.125,0.125
101,gpqa_w_keyword,4,0.125,0.0,0.125
151,gpqa_w_keyword,4,0.625,0.5,0.125
63,mmlu_pro_mini_w_keyword,9,0.125,0.0,0.125
365,gpqa_w_keyword,4,0.25,0.125,0.125
367,gpqa_w_keyword,4,1.0,0.875,0.125
358,hle_w_keyword,6,0.125,0.0,0.125
437,gpqa_w_keyword,4,0.5,0.375,0.125
266,hle_w_keyword,5,1.0,0.875,0.125
221,hle_w_keyword,5,0.125,0.0,0.125
15,gpqa_w_keyword,4,0.125,0.0,0.125
227,hle_w_keyword,5,1.0,0.875,0.125
175,hle_w_keyword,10,0.25,0.125,0.125
31,gpqa_w_keyword,4,1.0,0.875,0.125
2,mmlu_pro_mini_w_keyword,10,1.0,1.0,0.0
7,mmlu_pro_mini_w_keyword,4,1.0,1.0,0.0
93,gpqa_w_keyword,4,1.0,1.0,0.0
100,gpqa_w_keyword,4,1.0,1.0,0.0
103,gpqa_w_keyword,4,0.0,0.0,0.0
45,gpqa_w_keyword,4,0.0,0.0,0.0
57,gpqa_w_keyword,4,1.0,1.0,0.0
192,gpqa_w_keyword,4,0.0,0.0,0.0
188,gpqa_w_keyword,4,0.0,0.0,0.0
195,gpqa_w_keyword,4,0.875,0.875,0.0
165,gpqa_w_keyword,4,1.0,1.0,0.0
170,gpqa_w_keyword,4,0.0,0.0,0.0
194,gpqa_w_keyword,4,1.0,1.0,0.0
141,gpqa_w_keyword,4,0.0,0.0,0.0
121,gpqa_w_keyword,4,1.0,1.0,0.0
123,gpqa_w_keyword,4,0.0,0.0,0.0
202,gpqa_w_keyword,4,1.0,1.0,0.0
201,gpqa_w_keyword,4,1.0,1.0,0.0
131,gpqa_w_keyword,4,0.0,0.0,0.0
127,gpqa_w_keyword,4,1.0,1.0,0.0
137,gpqa_w_keyword,4,0.0,0.0,0.0
92,gpqa_w_keyword,4,1.0,1.0,0.0
150,gpqa_w_keyword,4,1.0,1.0,0.0
152,gpqa_w_keyword,4,0.0,0.0,0.0
453,hle_w_keyword,7,0.0,0.0,0.0
451,hle_w_keyword,8,0.0,0.0,0.0
455,hle_w_keyword,5,0.0,0.0,0.0
456,hle_w_keyword,5,0.0,0.0,0.0
466,hle_w_keyword,6,0.0,0.0,0.0
464,hle_w_keyword,5,0.0,0.0,0.0
16,mmlu_pro_mini_w_keyword,10,1.0,1.0,0.0
158,mmlu_pro_mini_w_keyword,10,1.0,1.0,0.0
115,gpqa_w_keyword,4,1.0,1.0,0.0
130,mmlu_pro_mini_w_keyword,10,1.0,1.0,0.0
107,gpqa_w_keyword,4,1.0,1.0,0.0
59,gpqa_w_keyword,4,0.0,0.0,0.0
52,gpqa_w_keyword,4,1.0,1.0,0.0
110,gpqa_w_keyword,4,0.0,0.0,0.0
61,gpqa_w_keyword,4,1.0,1.0,0.0
62,gpqa_w_keyword,4,1.0,1.0,0.0
66,gpqa_w_keyword,4,1.0,1.0,0.0
73,gpqa_w_keyword,4,1.0,1.0,0.0
98,mmlu_pro_mini_w_keyword,10,1.0,1.0,0.0
89,mmlu_pro_mini_w_keyword,10,1.0,1.0,0.0
111,mmlu_pro_mini_w_keyword,10,1.0,1.0,0.0
112,mmlu_pro_mini_w_keyword,10,1.0,1.0,0.0
179,mmlu_pro_mini_w_keyword,10,1.0,1.0,0.0
171,mmlu_pro_mini_w_keyword,10,1.0,1.0,0.0
162,mmlu_pro_mini_w_keyword,10,1.0,1.0,0.0
169,mmlu_pro_mini_w_keyword,10,1.0,1.0,0.0
146,mmlu_pro_mini_w_keyword,10,1.0,1.0,0.0
139,mmlu_pro_mini_w_keyword,8,1.0,1.0,0.0
183,mmlu_pro_mini_w_keyword,10,1.0,1.0,0.0
293,mmlu_pro_mini_w_keyword,7,1.0,1.0,0.0
280,gpqa_w_keyword,4,0.0,0.0,0.0
289,gpqa_w_keyword,4,0.0,0.0,0.0
285,gpqa_w_keyword,4,1.0,1.0,0.0
284,gpqa_w_keyword,4,1.0,1.0,0.0
256,gpqa_w_keyword,4,0.0,0.0,0.0
259,gpqa_w_keyword,4,1.0,1.0,0.0
249,gpqa_w_keyword,4,0.0,0.0,0.0
243,gpqa_w_keyword,4,0.0,0.0,0.0
405,hle_w_keyword,5,0.0,0.0,0.0
401,hle_w_keyword,5,0.0,0.0,0.0
398,hle_w_keyword,5,0.0,0.0,0.0
274,gpqa_w_keyword,4,0.0,0.0,0.0
273,gpqa_w_keyword,4,0.0,0.0,0.0
268,gpqa_w_keyword,4,0.0,0.0,0.0
267,gpqa_w_keyword,4,1.0,1.0,0.0
265,gpqa_w_keyword,4,0.0,0.0,0.0
407,hle_w_keyword,5,0.0,0.0,0.0
410,hle_w_keyword,6,0.0,0.0,0.0
413,hle_w_keyword,10,0.0,0.0,0.0
419,hle_w_keyword,10,0.0,0.0,0.0
423,hle_w_keyword,10,0.0,0.0,0.0
438,hle_w_keyword,5,0.0,0.0,0.0
180,gpqa_w_keyword,4,1.0,1.0,0.0
178,gpqa_w_keyword,4,1.0,1.0,0.0
159,gpqa_w_keyword,4,0.0,0.0,0.0
163,gpqa_w_keyword,4,1.0,1.0,0.0
225,gpqa_w_keyword,4,0.0,0.0,0.0
210,gpqa_w_keyword,4,1.0,1.0,0.0
206,gpqa_w_keyword,4,1.0,1.0,0.0
203,gpqa_w_keyword,4,0.0,0.0,0.0
446,hle_w_keyword,8,0.0,0.0,0.0
444,hle_w_keyword,5,0.0,0.0,0.0
135,gpqa_w_keyword,4,0.0,0.0,0.0
319,hle_w_keyword,7,0.0,0.0,0.0
359,gpqa_w_keyword,4,0.0,0.0,0.0
363,gpqa_w_keyword,4,0.0,0.0,0.0
374,gpqa_w_keyword,4,0.0,0.0,0.0
379,gpqa_w_keyword,4,1.0,1.0,0.0
332,hle_w_keyword,5,0.0,0.0,0.0
364,gpqa_w_keyword,4,0.0,0.0,0.0
335,hle_w_keyword,5,0.0,0.0,0.0
391,gpqa_w_keyword,4,0.0,0.0,0.0
394,gpqa_w_keyword,4,1.0,1.0,0.0
288,hle_w_keyword,5,0.0,0.0,0.0
248,hle_w_keyword,5,0.25,0.25,0.0
415,gpqa_w_keyword,4,0.0,0.0,0.0
406,gpqa_w_keyword,4,0.0,0.0,0.0
298,hle_w_keyword,5,0.0,0.0,0.0
312,hle_w_keyword,8,0.0,0.0,0.0
346,hle_w_keyword,12,0.0,0.0,0.0
361,hle_w_keyword,16,0.0,0.0,0.0
354,hle_w_keyword,5,0.0,0.0,0.0
385,hle_w_keyword,5,0.0,0.0,0.0
368,hle_w_keyword,16,0.0,0.0,0.0
389,hle_w_keyword,5,0.0,0.0,0.0
366,hle_w_keyword,9,0.0,0.0,0.0
396,hle_w_keyword,6,0.0,0.0,0.0
275,gpqa_w_keyword,4,0.0,0.0,0.0
330,gpqa_w_keyword,4,0.0,0.0,0.0
338,gpqa_w_keyword,4,0.125,0.125,0.0
321,gpqa_w_keyword,4,0.0,0.0,0.0
316,gpqa_w_keyword,4,0.0,0.0,0.0
310,gpqa_w_keyword,4,1.0,1.0,0.0
328,gpqa_w_keyword,4,0.0,0.0,0.0
428,gpqa_w_keyword,4,0.0,0.0,0.0
430,gpqa_w_keyword,4,0.0,0.0,0.0
433,gpqa_w_keyword,4,0.0,0.0,0.0
436,gpqa_w_keyword,4,0.0,0.0,0.0
3,hle_w_keyword,5,0.0,0.0,0.0
441,gpqa_w_keyword,4,0.0,0.0,0.0
12,hle_w_keyword,5,1.0,1.0,0.0
11,hle_w_keyword,5,0.0,0.0,0.0
215,hle_w_keyword,21,0.0,0.0,0.0
233,hle_w_keyword,8,0.0,0.0,0.0
387,gpqa_w_keyword,4,0.0,0.0,0.0
390,gpqa_w_keyword,4,0.0,0.0,0.0
384,gpqa_w_keyword,4,0.0,0.0,0.0
383,gpqa_w_keyword,4,1.0,1.0,0.0
242,hle_w_keyword,16,1.0,1.0,0.0
240,hle_w_keyword,5,0.0,0.0,0.0
185,hle_w_keyword,5,0.0,0.0,0.0
26,hle_w_keyword,8,0.0,0.0,0.0
34,hle_w_keyword,20,0.0,0.0,0.0
35,hle_w_keyword,5,1.0,1.0,0.0
166,hle_w_keyword,8,1.0,1.0,0.0
153,hle_w_keyword,5,0.0,0.0,0.0
416,gpqa_w_keyword,4,1.0,1.0,0.0
78,hle_w_keyword,5,0.0,0.0,0.0
54,hle_w_keyword,5,0.0,0.0,0.0
67,hle_w_keyword,5,0.0,0.0,0.0
37,hle_w_keyword,11,0.0,0.0,0.0
41,hle_w_keyword,5,0.0,0.0,0.0
74,hle_w_keyword,6,0.0,0.0,0.0
70,hle_w_keyword,5,0.0,0.0,0.0
77,hle_w_keyword,5,0.0,0.0,0.0
76,hle_w_keyword,5,0.0,0.0,0.0
125,hle_w_keyword,7,0.0,0.0,0.0
126,hle_w_keyword,8,0.0,0.0,0.0
132,hle_w_keyword,14,0.0,0.0,0.0
133,hle_w_keyword,8,0.0,0.0,0.0
140,hle_w_keyword,5,0.0,0.0,0.0
134,hle_w_keyword,8,0.0,0.0,0.0
145,hle_w_keyword,5,0.0,0.0,0.0
143,hle_w_keyword,23,0.0,0.0,0.0
172,hle_w_keyword,9,0.0,0.0,0.0
173,hle_w_keyword,5,0.0,0.0,0.0
282,mmlu_pro_mini_w_keyword,10,1.0,1.0,0.0
277,mmlu_pro_mini_w_keyword,10,1.0,1.0,0.0
114,hle_w_keyword,5,0.0,0.0,0.0
119,hle_w_keyword,6,0.0,0.0,0.0
82,hle_w_keyword,6,0.0,0.0,0.0
122,hle_w_keyword,5,1.0,1.0,0.0
220,mmlu_pro_mini_w_keyword,10,0.0,0.0,0.0
224,mmlu_pro_mini_w_keyword,10,1.0,1.0,0.0
250,mmlu_pro_mini_w_keyword,10,0.25,0.25,0.0
253,mmlu_pro_mini_w_keyword,10,1.0,1.0,0.0
276,mmlu_pro_mini_w_keyword,10,1.0,1.0,0.0
262,mmlu_pro_mini_w_keyword,10,1.0,1.0,0.0
44,gpqa_w_keyword,4,0.0,0.0,0.0
193,mmlu_pro_mini_w_keyword,10,1.0,1.0,0.0
28,gpqa_w_keyword,4,0.0,0.0,0.0
29,gpqa_w_keyword,4,0.0,0.0,0.0
25,gpqa_w_keyword,4,0.0,0.0,0.0
27,gpqa_w_keyword,4,0.0,0.0,0.0
24,gpqa_w_keyword,4,0.0,0.0,0.0
17,gpqa_w_keyword,4,0.0,0.0,0.0
5,gpqa_w_keyword,4,1.0,1.0,0.0
4,gpqa_w_keyword,4,0.0,0.0,0.0
6,gpqa_w_keyword,4,0.0,0.125,-0.125
239,mmlu_pro_mini_w_keyword,10,0.875,1.0,-0.125
292,mmlu_pro_mini_w_keyword,10,0.875,1.0,-0.125
144,hle_w_keyword,8,0.0,0.125,-0.125
142,hle_w_keyword,5,0.0,0.125,-0.125
99,hle_w_keyword,9,0.0,0.125,-0.125
191,hle_w_keyword,5,0.0,0.125,-0.125
155,hle_w_keyword,5,0.0,0.125,-0.125
270,hle_w_keyword,7,0.0,0.125,-0.125
263,hle_w_keyword,6,0.0,0.125,-0.125
207,hle_w_keyword,8,0.0,0.125,-0.125
65,hle_w_keyword,10,0.0,0.125,-0.125
58,hle_w_keyword,5,0.0,0.125,-0.125
13,hle_w_keyword,8,0.0,0.125,-0.125
299,hle_w_keyword,5,0.0,0.125,-0.125
317,hle_w_keyword,6,0.0,0.125,-0.125
260,hle_w_keyword,5,0.5,0.625,-0.125
393,gpqa_w_keyword,4,0.0,0.125,-0.125
424,hle_w_keyword,8,0.0,0.125,-0.125
448,hle_w_keyword,5,0.0,0.125,-0.125
305,gpqa_w_keyword,4,0.0,0.125,-0.125
450,hle_w_keyword,14,0.0,0.125,-0.125
339,gpqa_w_keyword,4,0.125,0.25,-0.125
287,gpqa_w_keyword,4,0.0,0.125,-0.125
306,gpqa_w_keyword,4,0.0,0.125,-0.125
322,gpqa_w_keyword,4,0.75,0.875,-0.125
75,mmlu_pro_mini_w_keyword,10,0.25,0.375,-0.125
48,gpqa_w_keyword,4,0.0,0.125,-0.125
85,gpqa_w_keyword,4,0.25,0.375,-0.125
84,gpqa_w_keyword,4,0.875,1.0,-0.125
218,gpqa_w_keyword,4,0.875,1.0,-0.125
228,gpqa_w_keyword,4,0.0,0.125,-0.125
217,gpqa_w_keyword,4,0.0,0.125,-0.125
258,gpqa_w_keyword,4,0.75,0.875,-0.125
341,hle_w_keyword,5,0.0,0.125,-0.125
347,hle_w_keyword,7,0.0,0.125,-0.125
349,hle_w_keyword,8,0.0,0.125,-0.125
357,hle_w_keyword,5,0.0,0.125,-0.125
296,hle_w_keyword,5,0.125,0.375,-0.25
238,hle_w_keyword,5,0.0,0.25,-0.25
196,hle_w_keyword,5,0.0,0.25,-0.25
417,gpqa_w_keyword,4,0.0,0.25,-0.25
205,hle_w_keyword,6,0.75,1.0,-0.25
199,hle_w_keyword,5,0.375,0.625,-0.25
229,hle_w_keyword,5,0.0,0.25,-0.25
230,hle_w_keyword,5,0.125,0.375,-0.25
56,gpqa_w_keyword,4,0.0,0.25,-0.25
95,mmlu_pro_mini_w_keyword,8,0.75,1.0,-0.25
102,gpqa_w_keyword,4,0.0,0.25,-0.25
329,gpqa_w_keyword,4,0.0,0.25,-0.25
325,gpqa_w_keyword,4,0.0,0.25,-0.25
106,gpqa_w_keyword,4,0.0,0.25,-0.25
46,gpqa_w_keyword,4,0.75,1.0,-0.25
81,gpqa_w_keyword,4,0.75,1.0,-0.25
209,gpqa_w_keyword,4,0.0,0.25,-0.25
237,gpqa_w_keyword,4,0.0,0.25,-0.25
269,gpqa_w_keyword,4,0.0,0.25,-0.25
353,gpqa_w_keyword,4,0.0,0.25,-0.25
307,gpqa_w_keyword,4,0.0,0.25,-0.25
320,gpqa_w_keyword,4,0.0,0.25,-0.25
356,gpqa_w_keyword,4,0.0,0.25,-0.25
79,gpqa_w_keyword,4,0.0,0.375,-0.375
104,hle_w_keyword,8,0.25,0.625,-0.375
388,gpqa_w_keyword,4,0.0,0.375,-0.375
14,gpqa_w_keyword,4,0.0,0.375,-0.375
83,hle_w_keyword,10,0.0,0.375,-0.375
232,gpqa_w_keyword,4,0.0,0.375,-0.375
222,gpqa_w_keyword,4,0.625,1.0,-0.375
458,hle_w_keyword,7,0.0,0.375,-0.375
216,gpqa_w_keyword,4,0.25,0.625,-0.375
120,gpqa_w_keyword,4,0.5,0.875,-0.375
369,gpqa_w_keyword,4,0.0,0.375,-0.375
404,gpqa_w_keyword,4,0.0,0.375,-0.375
418,gpqa_w_keyword,4,0.0,0.375,-0.375
426,gpqa_w_keyword,4,0.125,0.5,-0.375
211,hle_w_keyword,5,0.125,0.5,-0.375
311,hle_w_keyword,5,0.0,0.375,-0.375
251,hle_w_keyword,7,0.0,0.375,-0.375
213,gpqa_w_keyword,4,0.625,1.0,-0.375
148,gpqa_w_keyword,4,0.0,0.375,-0.375
344,gpqa_w_keyword,4,0.0,0.375,-0.375
72,gpqa_w_keyword,4,0.125,0.5,-0.375
116,gpqa_w_keyword,4,0.25,0.75,-0.5
154,gpqa_w_keyword,4,0.0,0.5,-0.5
286,gpqa_w_keyword,4,0.5,1.0,-0.5
399,gpqa_w_keyword,4,0.0,0.5,-0.5
439,gpqa_w_keyword,4,0.0,0.5,-0.5
411,gpqa_w_keyword,4,0.0,0.5,-0.5
160,gpqa_w_keyword,4,0.0,0.5,-0.5
177,gpqa_w_keyword,4,0.5,1.0,-0.5
87,mmlu_pro_mini_w_keyword,10,0.25,0.75,-0.5
208,gpqa_w_keyword,4,0.0,0.5,-0.5
377,hle_w_keyword,8,0.0,0.5,-0.5
252,gpqa_w_keyword,4,0.375,0.875,-0.5
314,gpqa_w_keyword,4,0.0,0.625,-0.625
23,mmlu_pro_mini_w_keyword,10,0.25,0.875,-0.625
301,gpqa_w_keyword,4,0.0,0.625,-0.625
302,hle_w_keyword,5,0.0,0.625,-0.625
190,hle_w_keyword,5,0.0,0.625,-0.625
149,hle_w_keyword,5,0.0,0.625,-0.625
10,hle_w_keyword,5,0.0,0.625,-0.625
309,gpqa_w_keyword,4,0.375,1.0,-0.625
303,gpqa_w_keyword,4,0.125,0.75,-0.625
315,hle_w_keyword,5,0.0,0.75,-0.75
19,gpqa_w_keyword,4,0.0,0.75,-0.75
402,gpqa_w_keyword,4,0.0,0.75,-0.75
68,gpqa_w_keyword,4,0.0,0.75,-0.75
324,gpqa_w_keyword,4,0.125,1.0,-0.875
304,gpqa_w_keyword,4,0.0,0.875,-0.875
64,gpqa_w_keyword,4,0.0,1.0,-1.0
